zoneID,repVoteshare,totalVotes
01001,76.16,20081.0
01003,77.25,69320.0
01005,54.97,10777.0
01007,72.37,7600.0
01009,81.53,21504.0
01011,31.76,4717.0
01013,59.33,8416.0
01015,66.41,45249.0
01017,58.77,13032.0
01019,66.08,9049.0
01021,77.25,16693.0
01023,54.13,7227.0
01025,59.26,11394.0
01027,70.95,6576.0
01029,75.85,5798.0
01031,74.4,17616.0
01033,55.44,23935.0
01035,54.61,6021.0
01037,58.57,5001.0
01039,76.46,14627.0
01041,68.99,5500.0
01043,76.92,35191.0
01045,75.23,18231.0
01047,39.63,18573.0
01049,70.45,24169.0
01051,77.32,28680.0
01053,69.06,12395.0
01055,63.79,42680.0
01057,69.68,8002.0
01059,63.01,12269.0
01061,79.79,10520.0
01063,20.29,4748.0
01065,41.47,7945.0
01067,66.56,7361.0
01069,74.61,36201.0
01071,57.19,20321.0
01073,54.54,292967.0
01075,71.45,6885.0
01077,60.24,37107.0
01079,55.67,14001.0
01081,63.29,44610.0
01083,68.34,29073.0
01085,29.67,6021.0
01087,16.76,9407.0
01089,59.45,131062.0
01091,51.06,10322.0
01093,70.23,12875.0
01095,72.94,31491.0
01097,59.08,156771.0
01099,61.4,9534.0
01101,49.4,89650.0
01103,69.68,47007.0
01105,31.57,5523.0
01107,56.91,9132.0
01109,63.32,11883.0
01111,68.5,9001.0
01113,49.89,16809.0
01115,81.16,29161.0
01117,81.03,78906.0
01119,29.34,6433.0
01121,61.71,29898.0
01123,69.45,17952.0
01125,61.85,69830.0
01127,68.01,28367.0
01129,61.67,8247.0
01131,32.33,5682.0
01133,78.43,10423.0
02013,NA,NA
02016,NA,NA
02020,NA,NA
02050,NA,NA
02060,NA,NA
02068,NA,NA
02070,NA,NA
02090,NA,NA
02100,NA,NA
02110,NA,NA
02122,NA,NA
02130,NA,NA
02150,NA,NA
02164,NA,NA
02170,NA,NA
02180,NA,NA
02185,NA,NA
02188,NA,NA
02201,NA,NA
02220,NA,NA
02232,NA,NA
02240,NA,NA
02261,NA,NA
02270,NA,NA
02280,NA,NA
02282,NA,NA
02290,NA,NA
04001,34.87,24198.0
04003,60.26,44483.0
04005,43.51,52267.0
04007,59.75,20843.0
04009,70.1,10720.0
04011,62.36,3067.0
04012,63.07,5055.0
04013,57.37,1192751.0
04015,64.22,57807.0
04017,53.84,32343.0
04019,46.98,366907.0
04021,57.59,64622.0
04023,40.32,11668.0
04025,61.74,87389.0
04027,58.05,38465.0
05001,54.92,6946.0
05003,54.06,8512.0
05005,60.95,18530.0
05007,69.17,68121.0
05009,67.85,14777.0
05011,47.69,4249.0
05013,58.8,2299.0
05015,59.78,10481.0
05017,36.56,4757.0
05019,45.37,9211.0
05021,45.81,6096.0
05023,61.14,11761.0
05025,58.08,3496.0
05027,58.24,9909.0
05029,50.17,8084.0
05031,53.65,29801.0
05033,66.44,20401.0
05035,45.57,15300.0
05037,55.21,7074.0
05039,50.43,3388.0
05041,37.75,4647.0
05043,52.49,6249.0
05045,59.67,36686.0
05047,58.16,7289.0
05049,51.55,4955.0
05051,54.64,40154.0
05053,62.49,6770.0
05055,52.44,13955.0
05057,48.4,7452.0
05059,50.25,12065.0
05061,55.81,4943.0
05063,57.72,13011.0
05065,52.28,5493.0
05067,42.74,6219.0
05069,34.18,30493.0
05071,54.34,8044.0
05073,50.58,3191.0
05075,45.43,6615.0
05077,36.93,4080.0
05079,47.2,4109.0
05081,49.03,5294.0
05083,60.16,8551.0
05085,65.89,22030.0
05087,61.53,6384.0
05089,61.33,6867.0
05091,57.91,14678.0
05093,44.63,14153.0
05095,43.63,3667.0
05097,60.83,3958.0
05099,50.84,3477.0
05101,64.85,4378.0
05103,50.75,10650.0
05105,55.9,4431.0
05107,35.91,8868.0
05109,60.58,3367.0
05111,46.63,7723.0
05113,67.74,7799.0
05115,65.72,20902.0
05117,56.51,3624.0
05119,44.55,153620.0
05121,48.07,6667.0
05123,40.16,9588.0
05125,63.73,39376.0
05127,63.05,4038.0
05129,65.18,3992.0
05131,62.36,44211.0
05133,55.28,4601.0
05135,55.65,7470.0
05137,58.57,5549.0
05139,59.76,17832.0
05141,54.65,7374.0
05143,56.42,64103.0
05145,65.06,26425.0
05147,34.11,3026.0
05149,55.8,6659.0
06001,23.65,562090.0
06003,45.47,701.0
06005,62.94,17891.0
06007,54.9,96157.0
06009,62.14,22343.0
06011,68.02,6166.0
06013,36.93,413028.0
06015,57.92,9421.0
06017,62.12,86364.0
06019,57.92,247463.0
06021,67.81,9454.0
06023,40.37,65886.0
06025,46.94,34274.0
06027,60.31,8616.0
06029,67.18,211174.0
06031,65.97,32110.0
06033,45.77,24719.0
06035,72.01,11450.0
06037,36.07,3023280.0
06039,64.85,38850.0
06041,25.76,135325.0
06043,61.6,8658.0
06045,34.69,38429.0
06047,57.23,57960.0
06049,73.79,4467.0
06051,49.93,5338.0
06053,38.87,124653.0
06055,39.59,56599.0
06057,54.31,53920.0
06059,60.49,1075399.0
06061,63.33,153278.0
06063,62.58,11190.0
06065,58.5,557579.0
06067,49.88,477866.0
06069,46.89,18725.0
06071,55.95,523276.0
06073,53.1,1136344.0
06075,15.48,357465.0
06077,53.71,189864.0
06079,53.65,129050.0
06081,29.62,284857.0
06083,45.96,169861.0
06085,35.13,603816.0
06087,25.41,122084.0
06089,68.22,77731.0
06091,65.91,1948.0
06093,61.66,20899.0
06095,42.27,148837.0
06097,31.51,220690.0
06099,59.21,145624.0
06101,67.84,30145.0
06103,67.48,23444.0
06105,56.13,6513.0
06107,66.81,98860.0
06109,60.91,26235.0
06111,51.85,313193.0
06113,39.5,72269.0
06115,67.98,18024.0
08001,48.81,136677.0
08003,51.31,6279.0
08005,52.01,232365.0
08007,62.71,5839.0
08009,77.67,2186.0
08011,63.02,2155.0
08013,32.83,159259.0
08015,56.42,8770.0
08017,82.34,1134.0
08019,45.76,5613.0
08021,49.6,3803.0
08023,32.6,1760.0
08025,67.79,1493.0
08027,69.16,2428.0
08029,69.71,14159.0
08031,29.62,238826.0
08033,70.21,1146.0
08035,67.03,121201.0
08037,46.69,18511.0
08039,74.75,11364.0
08041,67.51,241788.0
08043,67.48,18526.0
08045,54.66,20647.0
08047,42.38,3196.0
08049,56.78,7609.0
08051,42.11,8420.0
08053,60.07,602.0
08055,50.55,3402.0
08057,77.17,934.0
08059,52.64,271568.0
08061,80.54,892.0
08063,78.87,3502.0
08065,43.72,2949.0
08067,46.61,25513.0
08069,52.64,146436.0
08071,49.2,6592.0
08073,78.34,2337.0
08075,71.23,8766.0
08077,67.98,61885.0
08079,62.79,619.0
08081,75.81,5725.0
08083,64.38,11015.0
08085,70.14,16219.0
08087,69.07,9936.0
08089,60.99,8180.0
08091,52.31,2721.0
08093,58.12,8357.0
08095,74.68,2325.0
08097,30.53,9256.0
08099,72.17,4745.0
08101,46.8,67187.0
08103,80.94,3003.0
08105,63.22,5526.0
08107,44.85,11762.0
08109,42.18,2803.0
08111,46.06,486.0
08113,27.28,4019.0
08115,72.19,1360.0
08117,39.74,13735.0
08119,69.48,11842.0
08121,81.84,2530.0
08123,63.56,88653.0
08125,76.46,4559.0
09001,47.94,400967.0
09003,40.26,391808.0
09005,52.91,96668.0
09007,42.71,83984.0
09009,44.62,366392.0
09011,43.05,118360.0
09013,44.39,71729.0
09015,46.7,48861.0
10001,56.95,55980.0
10003,38.9,241461.0
10005,60.96,77749.0
11001,NA,NA
12001,43.32,111328.0
12003,78.02,9955.0
12005,71.71,75024.0
12007,69.97,10855.0
12009,58.12,265462.0
12011,35.03,706872.0
12013,64.12,5963.0
12015,56.46,79786.0
12017,57.43,69467.0
12019,76.59,81495.0
12021,65.58,128683.0
12023,67.6,24991.0
12027,58.54,9510.0
12029,69.35,6442.0
12031,58.13,381061.0
12033,65.94,143278.0
12035,51.38,38480.0
12037,59.12,5931.0
12039,29.94,20984.0
12041,70.99,7015.0
12043,58.71,4188.0
12045,66.63,7277.0
12047,55.27,5079.0
12049,70.14,7249.0
12051,59.25,9775.0
12053,53.41,80547.0
12055,62.77,41496.0
12057,53.42,463222.0
12059,77.99,8300.0
12061,60.66,61414.0
12063,61.6,19807.0
12065,44.37,7478.0
12067,74.43,3325.0
12069,60.67,123950.0
12071,60.57,240667.0
12073,38.1,136379.0
12075,63.15,16652.0
12077,64.3,3021.0
12079,50.86,8304.0
12081,57.03,143621.0
12083,58.67,139677.0
12085,57.79,72453.0
12086,46.85,774726.0
12087,49.76,39535.0
12089,73.5,32743.0
12091,78.25,89756.0
12093,57.52,12190.0
12095,49.89,388044.0
12097,52.74,82204.0
12099,39.29,544622.0
12101,54.92,190916.0
12103,50.03,455357.0
12105,58.96,210830.0
12107,59.6,30973.0
12109,69.16,86290.0
12111,47.87,100063.0
12113,78.03,67307.0
12115,54.21,195652.0
12117,58.43,186195.0
12119,63.09,31842.0
12121,71.15,15802.0
12123,64.2,8581.0
12125,73.08,4675.0
12127,49.21,228939.0
12129,58.06,11763.0
12131,73.86,23976.0
12133,71.68,10366.0
13001,70.86,6370.0
13003,67.59,2470.0
13005,75.42,3792.0
13007,46.73,1764.0
13009,53.22,14560.0
13011,79.33,5592.0
13013,76.75,17744.0
13015,74.24,30277.0
13017,60.44,5540.0
13019,70.51,5599.0
13021,48.94,57754.0
13023,71.2,4468.0
13025,77.5,5621.0
13027,57.04,5116.0
13029,73.98,9983.0
13031,64.17,19195.0
13033,50.11,8482.0
13035,66.56,7735.0
13037,44.3,2019.0
13039,67.17,14175.0
13043,65.14,3151.0
13045,70.84,35317.0
13047,73.86,22328.0
13049,68.47,3387.0
13051,49.92,91607.0
13053,53.93,1689.0
13055,63.99,7853.0
13057,79.71,73686.0
13059,40.94,37388.0
13061,38.94,1309.0
13063,29.17,79600.0
13065,66.68,2266.0
13067,62.53,279866.0
13069,67.61,12332.0
13071,71.06,11745.0
13073,75.65,47170.0
13075,63.88,4820.0
13077,74.85,42545.0
13079,64.58,4406.0
13081,62.12,6251.0
13083,70.55,6247.0
13085,82.53,8117.0
13087,59.92,8951.0
13089,26.82,276509.0
13091,65.79,6995.0
13093,48.43,3844.0
13095,40.91,33662.0
13097,61.77,42104.0
13099,59.46,4213.0
13101,76.62,991.0
13103,77.58,16167.0
13105,60.79,7659.0
13107,62.72,7470.0
13109,65.38,3514.0
13111,71.56,9666.0
13113,71.5,52587.0
13115,68.07,31625.0
13117,83.71,56904.0
13119,69.92,7502.0
13121,40.25,336407.0
13123,74.71,10014.0
13125,80.25,1269.0
13127,67.49,27696.0
13129,74.34,15792.0
13131,62.11,8194.0
13133,59.46,6874.0
13135,66.26,244179.0
13137,79.14,13269.0
13139,78.72,49744.0
13141,23.24,3550.0
13143,75.99,10193.0
13145,72.31,12350.0
13147,61.25,9029.0
13149,70.83,3956.0
13151,66.96,64153.0
13153,66.48,45198.0
13155,69.07,3414.0
13157,78.43,16173.0
13159,66.96,4742.0
13161,73.54,4845.0
13163,47.08,6537.0
13165,55.96,3404.0
13167,64.34,3553.0
13169,64.29,10853.0
13171,62.35,6498.0
13173,63.8,2587.0
13175,63.41,17237.0
13177,78.98,10421.0
13179,48.09,12805.0
13181,63.33,3657.0
13183,65.87,3039.0
13185,60.26,31654.0
13187,76.19,8886.0
13189,62.57,7773.0
13191,52.93,5379.0
13193,38.91,4777.0
13195,74.16,9843.0
13197,56.71,2955.0
13199,54.27,8155.0
13201,69.71,2442.0
13205,53.62,7267.0
13207,66.97,9789.0
13209,68.1,3169.0
13211,68.03,7243.0
13213,72.76,10689.0
13215,48.42,64006.0
13217,62.32,29179.0
13219,73.06,14182.0
13221,66.01,5631.0
13223,76.6,40496.0
13225,53.48,8549.0
13227,76.85,10630.0
13229,79.13,5924.0
13231,77.52,6745.0
13233,68.64,12414.0
13235,62.99,3516.0
13237,64.3,8111.0
13239,42.96,965.0
13241,70.8,6638.0
13243,46.8,3047.0
13245,43.12,69349.0
13247,60.84,31181.0
13249,69.61,1530.0
13251,57.01,5923.0
13253,60.74,3275.0
13255,64.34,21026.0
13257,71.78,9670.0
13259,39.51,2031.0
13261,50.56,11291.0
13263,37.61,2945.0
13265,35.37,951.0
13267,72.27,6463.0
13269,56.74,3381.0
13271,57.72,3775.0
13273,48.79,3824.0
13275,61.7,15707.0
13277,69.05,12529.0
13279,70.71,8814.0
13281,72.78,5280.0
13283,61.65,2758.0
13285,65.02,21927.0
13287,61.53,2964.0
13289,48.75,4365.0
13291,74.63,9228.0
13293,65.96,10091.0
13295,71.93,21453.0
13297,78.58,27624.0
13299,69.31,11281.0
13301,45.18,2489.0
13303,52.23,7847.0
13305,71.76,9555.0
13307,48.5,1008.0
13309,58.46,2049.0
13311,78.6,9498.0
13313,73.57,26378.0
13315,65.4,2619.0
13317,55.11,4544.0
13319,50.29,4514.0
13321,69.7,7353.0
15001,38.55,57702.0
15003,48.59,298547.0
15005,NA,NA
15007,39.5,24876.0
15009,38.7,47430.0
16001,61.79,155030.0
16003,72.57,2063.0
16005,62.47,34844.0
16007,83.53,3040.0
16009,71.09,4050.0
16011,77.94,16565.0
16013,40.24,10147.0
16015,72.05,3527.0
16017,61.67,17684.0
16019,78.24,38871.0
16021,70.37,4379.0
16023,77.04,1406.0
16025,76.4,595.0
16027,75.62,55698.0
16029,84.86,3281.0
16031,85.06,7821.0
16033,86.78,353.0
16035,71.76,4034.0
16037,75.92,2358.0
16039,75.42,8061.0
16041,90.85,5054.0
16043,87.01,5769.0
16045,76.89,7134.0
16047,75.66,5325.0
16049,78.08,7970.0
16051,87.66,8906.0
16053,79.39,6580.0
16055,67.29,54603.0
16057,50.75,17553.0
16059,77.09,4055.0
16061,75.54,1820.0
16063,74.87,1876.0
16065,92.83,11637.0
16067,81.33,7201.0
16069,62.96,17700.0
16071,85.48,2133.0
16073,80.67,3590.0
16075,77.2,8181.0
16077,71.75,2958.0
16079,55.63,5337.0
16081,61.22,3690.0
16083,75.29,26435.0
16085,60.84,4774.0
16087,76.02,4359.0
17001,66.47,31477.0
17003,47.6,3873.0
17005,55.76,7369.0
17007,57.33,19541.0
17009,65.23,2585.0
17011,55.23,17902.0
17013,49.07,2706.0
17015,56.18,8135.0
17017,55.93,5700.0
17019,49.0,82434.0
17021,59.67,15267.0
17023,63.85,8007.0
17025,67.76,6554.0
17027,60.06,17131.0
17029,57.64,22780.0
17031,29.33,2049434.0
17033,65.57,9332.0
17035,65.25,5416.0
17037,52.27,40768.0
17039,63.43,7798.0
17041,67.33,8540.0
17043,NA,NA
17045,62.96,8429.0
17047,72.17,3364.0
17049,72.85,16278.0
17051,62.22,9549.0
17053,70.23,6479.0
17055,54.09,19352.0
17057,46.27,17035.0
17059,50.72,3225.0
17061,59.16,6068.0
17063,56.96,19831.0
17065,59.39,4514.0
17067,59.49,9899.0
17069,61.92,2437.0
17071,45.01,4153.0
17073,52.66,25241.0
17075,72.12,13835.0
17077,43.9,25826.0
17079,66.46,5336.0
17081,60.21,16948.0
17083,54.18,10137.0
17085,53.76,11584.0
17087,68.8,5865.0
17089,55.5,167297.0
17091,55.29,45036.0
17093,61.28,32527.0
17095,45.33,24708.0
17097,50.86,275295.0
17099,51.82,50729.0
17101,62.31,6729.0
17103,59.19,15876.0
17105,64.69,16039.0
17107,68.08,13467.0
17109,51.82,14929.0
17111,60.29,127948.0
17113,58.01,71620.0
17115,54.64,51746.0
17117,50.49,22785.0
17119,48.37,123678.0
17121,55.02,17224.0
17123,57.09,6584.0
17125,54.86,7183.0
17127,62.01,7424.0
17129,67.35,6574.0
17131,49.4,8974.0
17133,58.24,16370.0
17135,53.4,12930.0
17137,62.44,15180.0
17139,62.78,6466.0
17141,62.32,24091.0
17143,49.96,82771.0
17145,53.95,10425.0
17147,63.32,8586.0
17149,63.85,7980.0
17151,62.03,2436.0
17153,55.63,3108.0
17155,48.78,3352.0
17157,54.39,14956.0
17159,67.08,7749.0
17161,42.65,69972.0
17163,44.58,113189.0
17165,60.04,11814.0
17167,59.14,95375.0
17169,60.12,4031.0
17171,64.66,2636.0
17173,64.33,10577.0
17175,60.76,3061.0
17177,57.81,21320.0
17179,58.28,62338.0
17181,58.81,9119.0
17183,55.99,33714.0
17185,70.62,6006.0
17187,53.19,8457.0
17189,62.94,8104.0
17191,74.04,8287.0
17193,62.78,8301.0
17195,48.57,26873.0
17197,52.73,249609.0
17199,60.75,29960.0
17201,50.43,121425.0
17203,67.89,18802.0
18001,73.49,13340.0
18003,63.71,129609.0
18005,67.5,28515.0
18007,71.13,3992.0
18009,64.43,5380.0
18011,75.16,22898.0
18013,62.3,7330.0
18015,68.58,8638.0
18017,68.72,13931.0
18019,58.12,42337.0
18021,68.83,10783.0
18023,71.75,11877.0
18025,57.45,4574.0
18027,75.52,10599.0
18029,68.33,20969.0
18031,74.1,10199.0
18033,NA,NA
18035,56.98,47939.0
18037,69.24,17066.0
18039,70.52,61380.0
18041,61.37,9468.0
18043,58.92,33890.0
18045,67.99,7804.0
18047,70.46,9992.0
18049,69.81,8703.0
18051,62.94,14614.0
18053,68.81,27460.0
18055,65.15,13352.0
18057,74.69,104906.0
18059,75.03,27867.0
18061,64.09,17310.0
18063,73.94,52302.0
18065,64.67,20504.0
18067,64.59,37021.0
18069,74.98,15627.0
18071,68.52,16309.0
18073,68.66,11844.0
18075,66.45,8232.0
18077,60.27,12971.0
18079,65.99,10517.0
18081,74.23,51255.0
18083,63.88,15746.0
18085,78.74,28360.0
18087,71.82,9003.0
18089,38.52,188022.0
18091,49.76,42606.0
18093,69.54,17698.0
18095,59.78,54855.0
18097,49.03,320838.0
18099,68.34,17814.0
18101,69.17,4996.0
18103,71.18,13628.0
18105,45.85,50467.0
18107,75.51,14548.0
18109,74.27,26029.0
18111,64.9,5848.0
18113,69.78,15679.0
18115,61.19,2958.0
18117,66.33,8652.0
18119,66.35,7604.0
18121,65.83,6971.0
18123,50.04,8315.0
18125,60.77,6212.0
18127,54.21,64873.0
18129,65.72,11986.0
18131,68.45,5614.0
18133,68.47,13136.0
18135,65.29,11092.0
18137,70.09,11834.0
18139,72.84,7421.0
18141,51.21,108619.0
18143,55.64,8677.0
18145,71.61,16027.0
18147,60.22,9924.0
18149,54.86,8937.0
18151,66.0,12905.0
18153,59.94,8394.0
18155,59.37,3671.0
18157,59.74,52360.0
18159,71.87,7892.0
18161,68.44,3344.0
18163,59.04,70654.0
18165,50.8,7017.0
18167,53.25,39744.0
18169,71.02,13602.0
18171,65.42,3960.0
18173,65.34,26025.0
18175,64.06,10880.0
18177,60.62,27657.0
18179,74.66,12354.0
18181,68.03,10366.0
18183,71.03,13481.0
19001,56.57,4278.0
19003,57.41,2325.0
19005,50.58,7062.0
19007,52.16,6450.0
19009,54.91,3592.0
19011,49.67,13501.0
19013,44.21,63907.0
19015,49.44,14009.0
19017,52.52,12779.0
19019,46.1,10475.0
19021,58.13,8490.0
19023,59.54,7475.0
19025,59.2,5542.0
19027,55.13,10524.0
19029,64.16,7543.0
19031,50.63,9694.0
19033,45.04,24516.0
19035,55.71,6796.0
19037,45.05,6806.0
19039,48.64,4566.0
19041,58.0,8588.0
19043,47.66,9168.0
19045,43.57,24684.0
19047,55.12,7242.0
19049,58.17,26293.0
19051,55.38,3918.0
19053,52.9,4011.0
19055,53.73,9200.0
19057,39.76,20874.0
19059,56.32,9553.0
19061,43.08,47043.0
19063,52.86,5156.0
19065,49.72,10392.0
19067,46.27,8167.0
19069,57.21,5521.0
19071,61.0,3911.0
19073,51.57,5113.0
19075,64.99,6849.0
19077,55.99,5994.0
19079,52.86,8335.0
19081,57.55,5905.0
19083,54.84,8949.0
19085,61.69,7680.0
19087,55.85,9457.0
19089,43.69,4697.0
19091,59.57,5350.0
19093,62.34,3774.0
19095,54.19,8454.0
19097,42.86,10011.0
19099,47.57,20062.0
19101,44.83,8281.0
19103,35.18,65373.0
19105,48.89,9978.0
19107,57.62,5480.0
19109,54.96,9258.0
19111,42.4,17858.0
19113,44.99,110740.0
19115,52.82,4916.0
19117,56.14,4571.0
19119,78.48,6101.0
19121,57.31,8004.0
19123,64.41,10728.0
19125,60.31,16696.0
19127,50.3,19164.0
19129,66.38,6940.0
19131,48.72,5480.0
19133,51.79,5018.0
19135,52.7,3963.0
19137,65.47,5556.0
19139,48.59,18717.0
19141,NA,NA
19143,71.07,3266.0
19145,70.34,7513.0
19147,51.86,5191.0
19149,64.61,12222.0
19151,57.26,4313.0
19153,47.66,202618.0
19155,59.23,41820.0
19157,49.61,10091.0
19159,53.27,2778.0
19161,58.54,5374.0
19163,48.68,82722.0
19165,64.38,6670.0
19167,86.3,16570.0
19169,47.19,44652.0
19171,49.83,9001.0
19173,60.38,3190.0
19175,53.54,5978.0
19177,58.51,3836.0
19179,44.79,16707.0
19181,53.12,23053.0
19183,56.54,10688.0
19185,55.69,3133.0
19187,48.37,18631.0
19189,53.98,5952.0
19191,49.86,10784.0
19193,51.13,44195.0
19195,43.98,4123.0
19197,55.34,6603.0
20001,66.8,5873.0
20003,65.88,3863.0
20005,55.43,7118.0
20007,75.19,2403.0
20009,75.1,11706.0
20011,66.36,6686.0
20013,70.92,4418.0
20015,71.1,26280.0
20017,71.62,1501.0
20019,79.1,1960.0
20021,62.01,9913.0
20023,80.87,1692.0
20025,79.78,1291.0
20027,80.01,4010.0
20029,72.69,4503.0
20031,74.89,4408.0
20033,79.38,981.0
20035,66.13,14447.0
20037,53.11,16527.0
20039,79.24,1740.0
20041,72.7,8791.0
20043,70.05,3603.0
20045,41.77,50111.0
20047,73.74,1496.0
20049,75.2,1515.0
20051,66.18,12187.0
20053,73.82,3102.0
20055,76.08,9933.0
20057,74.37,9016.0
20059,65.34,11476.0
20061,65.01,7328.0
20063,82.88,1467.0
20065,76.41,1440.0
20067,79.45,2758.0
20069,81.65,2245.0
20071,80.89,735.0
20073,71.47,3244.0
20075,79.5,1130.0
20077,74.77,2930.0
20079,64.14,15110.0
20081,85.66,1599.0
20083,81.04,1183.0
20085,64.38,5888.0
20087,62.44,8793.0
20089,79.52,1915.0
20091,61.77,258687.0
20093,81.23,1455.0
20095,75.6,3764.0
20097,83.28,1565.0
20099,59.9,9139.0
20101,81.97,1014.0
20103,59.1,27331.0
20105,77.77,1800.0
20107,65.14,4741.0
20109,83.5,1523.0
20111,60.3,13440.0
20113,72.78,13367.0
20115,74.62,6159.0
20117,64.57,5108.0
20119,83.08,2121.0
20121,65.07,14016.0
20123,79.01,3349.0
20125,68.87,14116.0
20127,67.81,2936.0
20129,82.34,1576.0
20131,74.82,5463.0
20133,66.0,7231.0
20135,78.65,1818.0
20137,81.56,2599.0
20139,65.42,7463.0
20141,77.76,2075.0
20143,79.68,2971.0
20145,73.75,2988.0
20147,80.2,2847.0
20149,74.41,8823.0
20151,72.23,4384.0
20153,83.03,1720.0
20155,66.07,27324.0
20157,78.66,2889.0
20159,73.79,4376.0
20161,61.57,20911.0
20163,79.89,2710.0
20165,70.34,1789.0
20167,76.73,3525.0
20169,66.76,23041.0
20171,84.72,2299.0
20173,63.0,177679.0
20175,79.2,5439.0
20177,54.92,81577.0
20179,82.72,1406.0
20181,76.76,2762.0
20183,76.95,2370.0
20185,76.52,2186.0
20187,82.83,966.0
20189,86.2,2265.0
20191,68.79,10488.0
20193,78.66,3870.0
20195,73.84,1686.0
20197,71.66,3604.0
20199,86.89,876.0
20201,79.53,3190.0
20203,82.6,1062.0
20205,75.48,4398.0
20207,69.43,1763.0
20209,33.91,53401.0
21001,76.14,7447.0
21003,73.01,7163.0
21005,66.95,9591.0
21007,57.59,4177.0
21009,67.48,16140.0
21011,46.52,4919.0
21013,61.49,11002.0
21015,72.29,45082.0
21017,60.77,8217.0
21019,53.16,21780.0
21021,62.56,12490.0
21023,66.08,3610.0
21025,43.31,5944.0
21027,65.93,8520.0
21029,68.24,28627.0
21031,74.1,5578.0
21033,64.43,6349.0
21035,61.87,15145.0
21037,64.18,40178.0
21039,61.14,2845.0
21041,56.3,3897.0
21043,49.3,11117.0
21045,81.31,6321.0
21047,66.66,21015.0
21049,62.76,15317.0
21051,75.08,7687.0
21053,77.97,4352.0
21055,65.47,4190.0
21057,73.53,3239.0
21059,61.64,41483.0
21061,65.95,5481.0
21063,29.68,2957.0
21065,65.58,5575.0
21067,53.38,125584.0
21069,60.91,6203.0
21071,37.26,17885.0
21073,51.38,24134.0
21075,53.26,2890.0
21077,61.14,3073.0
21079,72.21,6658.0
21081,67.86,8824.0
21083,61.47,16231.0
21085,71.17,10143.0
21087,74.66,5206.0
21089,53.26,16435.0
21091,57.22,4029.0
21093,68.15,36441.0
21095,60.59,11070.0
21097,63.36,7731.0
21099,63.35,6784.0
21101,56.37,18701.0
21103,63.37,6499.0
21105,60.1,2342.0
21107,65.73,18843.0
21109,85.03,5178.0
21111,49.16,337351.0
21113,70.32,18580.0
21115,64.37,9304.0
21117,65.66,67124.0
21119,36.11,7394.0
21121,67.96,12028.0
21123,69.28,5968.0
21125,76.05,22264.0
21127,58.13,6513.0
21129,69.68,2920.0
21131,74.3,4964.0
21133,53.39,9065.0
21135,69.38,5484.0
21137,68.2,8863.0
21139,57.13,4706.0
21141,64.4,10644.0
21143,54.65,3925.0
21145,61.59,29797.0
21147,72.93,5693.0
21149,58.63,4435.0
21151,62.15,30707.0
21153,49.94,5718.0
21155,53.46,7354.0
21157,58.64,15521.0
21159,66.58,4539.0
21161,62.36,7079.0
21163,65.76,10951.0
21165,48.62,2528.0
21167,67.66,10028.0
21169,64.25,4157.0
21171,80.09,5843.0
21173,55.62,10230.0
21175,51.44,5272.0
21177,50.42,13479.0
21179,60.9,16844.0
21181,56.07,3059.0
21183,63.5,10028.0
21185,69.94,27132.0
21187,65.63,4741.0
21189,78.37,1999.0
21191,67.59,6025.0
21193,53.4,11655.0
21195,47.39,26770.0
21197,54.44,4960.0
21199,77.02,25516.0
21201,61.87,1090.0
21203,78.45,6166.0
21205,47.14,8706.0
21207,77.23,7821.0
21209,62.63,17051.0
21211,67.4,16314.0
21213,61.02,7043.0
21215,70.97,6822.0
21217,70.87,10295.0
21219,68.5,4754.0
21221,66.29,6111.0
21223,62.02,3790.0
21225,59.58,5977.0
21227,63.66,39712.0
21229,66.87,5236.0
21231,65.77,7685.0
21233,58.19,5547.0
21235,70.58,13629.0
21237,44.26,3155.0
21239,60.76,11502.0
22001,NA,NA
22003,NA,NA
22005,NA,NA
22007,NA,NA
22009,NA,NA
22011,NA,NA
22013,NA,NA
22015,NA,NA
22017,NA,NA
22019,NA,NA
22021,NA,NA
22023,NA,NA
22025,NA,NA
22027,NA,NA
22029,NA,NA
22031,NA,NA
22033,NA,NA
22035,NA,NA
22037,NA,NA
22039,NA,NA
22041,NA,NA
22043,NA,NA
22045,NA,NA
22047,NA,NA
22049,NA,NA
22051,NA,NA
22053,NA,NA
22055,NA,NA
22057,NA,NA
22059,NA,NA
22061,NA,NA
22063,NA,NA
22065,NA,NA
22067,NA,NA
22069,NA,NA
22071,NA,NA
22073,NA,NA
22075,NA,NA
22077,NA,NA
22079,NA,NA
22081,NA,NA
22083,NA,NA
22085,NA,NA
22087,NA,NA
22089,NA,NA
22091,NA,NA
22093,NA,NA
22095,NA,NA
22097,NA,NA
22099,NA,NA
22101,NA,NA
22103,NA,NA
22105,NA,NA
22107,NA,NA
22109,NA,NA
22111,NA,NA
22113,NA,NA
22115,NA,NA
22117,NA,NA
22119,NA,NA
22121,NA,NA
22123,NA,NA
22125,NA,NA
22127,NA,NA
23001,44.56,56067.0
23003,47.3,37733.0
23005,40.81,162962.0
23007,43.8,17257.0
23009,44.39,33122.0
23011,45.52,66772.0
23013,44.33,23247.0
23015,47.74,22142.0
23017,46.07,31546.0
23019,49.94,82112.0
23021,54.58,9940.0
23023,46.09,21079.0
23025,48.86,27108.0
23027,47.15,22322.0
23029,50.67,17310.0
23031,45.76,110033.0
24001,64.22,29855.0
24003,56.32,239667.0
24005,NA,NA
24009,59.04,39351.0
24011,66.0,11356.0
24013,70.64,79349.0
24015,60.58,37674.0
24017,49.21,58241.0
24019,59.04,13339.0
24021,60.27,100594.0
24023,73.41,12484.0
24025,64.33,112728.0
24027,45.25,133810.0
24029,53.39,9285.0
24031,33.23,415225.0
24033,17.57,318474.0
24035,67.21,21794.0
24037,63.26,37916.0
24039,54.77,8994.0
24041,60.51,18864.0
24043,64.42,57904.0
24045,59.24,37503.0
24047,61.4,25229.0
24510,17.15,213563.0
25001,44.79,132148.0
25003,26.04,65291.0
25005,35.82,232878.0
25007,26.37,9997.0
25009,41.05,333233.0
25011,30.21,37381.0
25013,38.41,186639.0
25015,29.2,74422.0
25017,35.04,688960.0
25019,36.12,5724.0
25021,39.05,331137.0
25023,45.76,233297.0
25025,23.12,240645.0
25027,42.86,340636.0
26001,55.58,6531.0
26003,49.18,4765.0
26005,63.74,53907.0
26007,50.86,15211.0
26009,62.29,13619.0
26011,49.97,8216.0
26013,54.36,3684.0
26015,62.23,30272.0
26017,45.04,57059.0
26019,54.66,9778.0
26021,55.57,74671.0
26023,60.63,17967.0
26025,51.78,62667.0
26027,57.62,22697.0
26029,58.91,14139.0
26031,56.76,13887.0
26033,55.88,16488.0
26035,50.37,14226.0
26037,58.68,37807.0
26039,56.24,7235.0
26041,50.78,19238.0
26043,57.79,13549.0
26045,53.96,55755.0
26047,60.15,17372.0
26049,39.52,213775.0
26051,51.63,13227.0
26053,47.09,8452.0
26055,60.05,46191.0
26057,57.14,17379.0
26059,64.25,20216.0
26061,56.91,15851.0
26063,55.9,17466.0
26065,41.59,133053.0
26067,60.95,27618.0
26069,52.68,14006.0
26071,50.07,6511.0
26073,48.8,24390.0
26075,56.34,71795.0
26077,48.18,119783.0
26079,61.45,8380.0
26081,59.42,290891.0
26083,55.35,1439.0
26085,48.34,5246.0
26087,58.56,44147.0
26089,56.11,13917.0
26091,55.26,47012.0
26093,63.39,93742.0
26095,62.6,2829.0
26097,56.8,6599.0
26099,50.75,402410.0
26101,50.09,12740.0
26103,45.76,32488.0
26105,56.19,14611.0
26107,55.68,17581.0
26109,52.73,11419.0
26111,57.04,43275.0
26113,68.55,7421.0
26115,50.94,74132.0
26117,56.61,26734.0
26119,60.04,5563.0
26121,44.36,80313.0
26123,60.04,22873.0
26125,49.78,641977.0
26127,55.1,12297.0
26129,51.12,10796.0
26131,54.84,4192.0
26133,59.63,11188.0
26135,58.92,4409.0
26137,61.51,12307.0
26139,72.14,128643.0
26141,53.71,7516.0
26143,51.95,14359.0
26145,46.22,102852.0
26147,54.16,79743.0
26149,61.39,25239.0
26151,61.57,20763.0
26153,51.48,4441.0
26155,53.48,36651.0
26157,54.92,28338.0
26159,52.19,34174.0
26161,35.85,173264.0
26163,30.05,864728.0
26165,59.77,15160.0
27001,51.23,9452.0
27003,53.38,174066.0
27005,59.18,16801.0
27007,49.15,21131.0
27009,55.48,18384.0
27011,49.12,3067.0
27013,48.27,33119.0
27015,61.94,13778.0
27017,36.69,18334.0
27019,63.4,45411.0
27021,56.49,15910.0
27023,47.43,6606.0
27025,56.24,28260.0
27027,52.52,27737.0
27029,56.58,4361.0
27031,46.21,3303.0
27033,56.61,6369.0
27035,57.7,33545.0
27037,51.01,215846.0
27039,57.6,9868.0
27041,58.93,20309.0
27043,56.0,8681.0
27045,49.43,11698.0
27047,44.11,17666.0
27049,52.04,25608.0
27051,50.49,3819.0
27053,39.93,646981.0
27055,51.63,11082.0
27057,57.61,11340.0
27059,58.67,19313.0
27061,44.61,24367.0
27063,53.28,5779.0
27065,55.76,8248.0
27067,55.62,21349.0
27069,49.51,2682.0
27071,49.15,7309.0
27073,46.69,4541.0
27075,39.66,7071.0
27077,60.79,2400.0
27079,54.5,14424.0
27081,52.7,3342.0
27083,57.65,12673.0
27085,62.96,18412.0
27087,45.81,2508.0
27089,58.0,5562.0
27091,57.89,11047.0
27093,56.43,12334.0
27095,55.89,13065.0
27097,58.8,16758.0
27099,38.1,20222.0
27101,55.07,4998.0
27103,49.69,17741.0
27105,56.96,9204.0
27107,47.87,3810.0
27109,52.89,71575.0
27111,62.11,32178.0
27113,54.72,7017.0
27115,49.32,14518.0
27117,61.74,5032.0
27119,56.46,15668.0
27121,50.02,6700.0
27123,36.1,272577.0
27125,54.72,2177.0
27127,61.21,8139.0
27129,53.91,8349.0
27131,45.8,30745.0
27133,60.87,5191.0
27135,68.68,7911.0
27137,33.97,119565.0
27139,60.08,60639.0
27141,61.42,41454.0
27143,60.03,7949.0
27145,56.09,75577.0
27147,56.51,18695.0
27149,51.79,5949.0
27151,43.94,5735.0
27153,57.98,12214.0
27155,51.19,2141.0
27157,52.45,11835.0
27159,60.16,7093.0
27161,56.63,9800.0
27163,51.71,128449.0
27165,54.16,5583.0
27167,66.33,3527.0
27169,47.13,27422.0
27171,61.53,59534.0
27173,50.7,5758.0
28001,45.37,15470.0
28003,61.29,14239.0
28005,57.93,7197.0
28007,61.45,8207.0
28009,46.73,4247.0
28011,36.5,15307.0
28013,64.9,6389.0
28015,65.85,5592.0
28017,50.7,8343.0
28019,66.35,4082.0
28021,17.88,5355.0
28023,67.84,7505.0
28025,47.74,9139.0
28027,35.07,10608.0
28029,56.23,11388.0
28031,61.5,8252.0
28033,NA,NA
28035,61.49,26733.0
28037,64.76,4491.0
28039,78.31,8001.0
28041,73.04,5299.0
28043,58.42,10105.0
28045,71.13,17869.0
28047,63.24,63267.0
28049,40.27,92500.0
28051,23.55,8383.0
28053,34.64,4899.0
28055,45.97,970.0
28057,70.92,9710.0
28059,69.29,51049.0
28061,48.36,8009.0
28063,18.26,3466.0
28065,47.41,5765.0
28067,72.11,26666.0
28069,46.11,4603.0
28071,59.15,15388.0
28073,80.71,20465.0
28075,65.73,30166.0
28077,63.15,6306.0
28079,60.7,8212.0
28081,66.67,30621.0
28083,37.99,12463.0
28085,69.37,14491.0
28087,56.81,24268.0
28089,64.64,37724.0
28091,67.29,11947.0
28093,41.02,14649.0
28095,59.88,15632.0
28097,54.83,5496.0
28099,74.95,10418.0
28101,73.0,8487.0
28103,28.39,6097.0
28105,56.38,16279.0
28107,50.58,13440.0
28109,76.91,19487.0
28111,74.82,5030.0
28113,52.35,16632.0
28115,76.12,11240.0
28117,66.27,9932.0
28119,40.09,3416.0
28121,79.64,54717.0
28123,62.71,10228.0
28125,41.79,3093.0
28127,68.57,10474.0
28129,78.85,7120.0
28131,73.07,5735.0
28133,35.72,10015.0
28135,44.45,6217.0
28137,60.86,11167.0
28139,67.18,9275.0
28141,65.4,8326.0
28143,30.74,3129.0
28145,73.58,10819.0
28147,61.49,6352.0
28149,58.0,19679.0
28151,40.06,19597.0
28153,63.53,8794.0
28155,73.44,5065.0
28157,35.87,4385.0
28159,57.52,9409.0
28161,55.24,5971.0
28163,53.08,10987.0
29001,56.32,11404.0
29003,62.59,8266.0
29005,68.01,3156.0
29007,59.31,10683.0
29009,69.45,13927.0
29011,76.9,5991.0
29013,59.56,8466.0
29015,62.25,9009.0
29017,70.05,5895.0
29019,50.1,76046.0
29021,52.68,37950.0
29023,71.48,16441.0
29025,61.18,4268.0
29027,62.87,17773.0
29029,67.58,19519.0
29031,69.26,34565.0
29033,66.8,4741.0
29035,65.09,2779.0
29037,62.03,44217.0
29039,68.93,6203.0
29041,56.13,4340.0
29043,70.93,31348.0
29045,51.42,3736.0
29047,53.4,96460.0
29049,55.94,9540.0
29051,67.8,36701.0
29053,67.82,7508.0
29055,61.02,9381.0
29057,72.85,4089.0
29059,66.55,7259.0
29061,62.64,3794.0
29063,63.27,4686.0
29065,70.08,6304.0
29067,72.09,6327.0
29069,57.83,11677.0
29071,58.75,45318.0
29073,66.87,7171.0
29075,63.45,3312.0
29077,62.54,125266.0
29079,67.02,4808.0
29081,68.09,4048.0
29083,58.78,10877.0
29085,57.74,4866.0
29087,69.68,2691.0
29089,59.65,4921.0
29091,68.44,16379.0
29093,53.45,4679.0
29095,54.44,174570.0
29097,71.01,45085.0
29099,50.31,93264.0
29101,61.14,20236.0
29103,61.33,1978.0
29105,71.52,14869.0
29107,60.09,16182.0
29109,71.3,15806.0
29111,62.0,4644.0
29113,57.49,19839.0
29115,58.38,5898.0
29117,63.88,6346.0
29119,71.08,7725.0
29121,62.07,7570.0
29123,59.57,4918.0
29125,64.38,4424.0
29127,63.11,12453.0
29129,67.47,1817.0
29131,72.49,10831.0
29133,55.01,5298.0
29135,71.26,6691.0
29137,61.51,4307.0
29139,62.4,5760.0
29141,64.95,8771.0
29143,52.78,7907.0
29145,72.36,23889.0
29147,61.91,10119.0
29149,60.3,4673.0
29151,74.83,6671.0
29153,66.39,4707.0
29155,50.13,6806.0
29157,68.05,8247.0
29159,66.67,17496.0
29161,64.05,18700.0
29163,54.03,8040.0
29165,55.86,41970.0
29167,69.46,12453.0
29169,70.82,12221.0
29171,68.26,2445.0
29173,59.52,5034.0
29175,64.62,10198.0
29177,52.98,10788.0
29179,56.68,3364.0
29181,65.95,5653.0
29183,58.9,163488.0
29185,62.73,4965.0
29186,46.96,8146.0
29187,52.93,22933.0
29189,NA,NA
29195,54.61,9939.0
29197,55.7,2031.0
29199,62.02,2197.0
29201,65.16,17448.0
29203,60.81,4167.0
29205,65.5,3502.0
29207,70.08,13252.0
29209,69.71,15189.0
29211,61.48,3089.0
29213,70.8,19280.0
29215,66.38,11018.0
29217,64.13,8992.0
29219,59.08,13432.0
29221,51.0,9178.0
29223,63.53,6204.0
29225,68.64,14944.0
29227,61.31,1132.0
29229,73.57,8346.0
29510,19.31,144638.0
30001,73.55,4242.0
30003,47.8,4311.0
30005,52.28,2768.0
30007,76.94,2356.0
30009,64.41,5321.0
30011,89.13,709.0
30013,58.14,33459.0
30015,66.91,2921.0
30017,66.92,5048.0
30019,70.09,1119.0
30021,65.87,4484.0
30023,38.98,4543.0
30025,80.3,1491.0
30027,73.66,6127.0
30029,69.19,38678.0
30031,57.72,39842.0
30033,91.9,655.0
30035,40.9,4562.0
30037,76.89,522.0
30039,73.9,1605.0
30041,53.91,6657.0
30043,67.14,5868.0
30045,74.57,1286.0
30047,59.36,12576.0
30049,56.47,29843.0
30051,72.32,1033.0
30053,71.74,8449.0
30055,71.2,1137.0
30057,74.47,3933.0
30059,73.86,973.0
30061,69.62,1837.0
30063,47.06,52454.0
30065,75.56,2247.0
30067,59.86,8218.0
30069,80.57,292.0
30071,78.62,2170.0
30073,65.97,2860.0
30075,84.75,1029.0
30077,72.37,2830.0
30079,75.1,736.0
30081,68.37,19867.0
30083,73.52,4308.0
30085,44.53,4028.0
30087,56.6,3585.0
30089,69.74,5153.0
30091,57.81,2038.0
30093,40.67,16084.0
30095,75.09,4213.0
30097,77.23,1983.0
30099,68.07,3359.0
30101,69.64,2311.0
30103,74.2,482.0
30105,63.37,4018.0
30107,73.85,979.0
30109,73.87,560.0
30111,62.91,66286.0
31001,70.89,13286.0
31003,81.83,3424.0
31005,90.91,266.0
31007,87.13,437.0
31009,88.79,339.0
31011,80.88,2895.0
31013,67.21,5152.0
31015,79.98,1148.0
31017,84.18,1733.0
31019,77.62,18608.0
31021,64.87,3668.0
31023,73.85,4168.0
31025,68.2,11529.0
31027,75.77,4536.0
31029,84.54,1973.0
31031,83.86,3042.0
31033,80.94,4746.0
31035,77.39,3337.0
31037,72.34,3633.0
31039,77.51,4349.0
31041,81.29,5612.0
31043,53.81,6615.0
31045,71.51,3994.0
31047,78.06,7956.0
31049,78.69,1053.0
31051,68.37,3009.0
31053,67.12,16172.0
31055,59.18,207071.0
31057,82.18,1053.0
31059,73.65,3193.0
31061,75.61,1714.0
31063,80.84,1467.0
31065,79.85,2467.0
31067,64.27,10384.0
31069,82.84,1183.0
31071,80.44,1017.0
31073,80.04,1119.0
31075,89.57,396.0
31077,70.55,1248.0
31079,70.09,21154.0
31081,78.9,4866.0
31083,78.66,1897.0
31085,88.81,598.0
31087,79.82,1486.0
31089,82.51,5174.0
31091,85.96,461.0
31093,69.18,2979.0
31095,65.79,4011.0
31097,62.42,2394.0
31099,78.76,3379.0
31101,81.87,4137.0
31103,81.85,549.0
31105,80.29,1877.0
31107,73.82,4213.0
31109,56.95,124509.0
31111,69.27,16199.0
31113,84.2,429.0
31115,82.2,386.0
31117,84.09,312.0
31119,78.91,14089.0
31121,76.89,3657.0
31123,78.0,2293.0
31125,72.94,1731.0
31127,70.88,3715.0
31129,77.69,2471.0
31131,68.81,7386.0
31133,67.21,1483.0
31135,83.06,1558.0
31137,82.35,4743.0
31139,83.8,3398.0
31141,80.73,13987.0
31143,79.63,2727.0
31145,79.65,5258.0
31147,69.27,4278.0
31149,85.06,883.0
31151,55.93,5566.0
31153,69.71,58334.0
31155,69.07,9489.0
31157,72.98,14390.0
31159,71.69,7565.0
31161,83.24,2599.0
31163,66.46,1643.0
31165,84.63,809.0
31167,79.43,2745.0
31169,73.09,2878.0
31171,86.3,444.0
31173,48.77,2387.0
31175,76.15,2391.0
31177,72.0,9950.0
31179,73.72,4085.0
31181,71.58,2002.0
31183,81.88,453.0
31185,80.53,6797.0
32001,73.06,10237.0
32003,47.54,545397.0
32005,64.74,23898.0
32007,79.65,15309.0
32009,78.76,481.0
32011,79.86,738.0
32013,74.11,5367.0
32015,79.46,2053.0
32017,79.07,2047.0
32019,66.39,17151.0
32021,58.93,2327.0
32023,60.18,14510.0
32027,71.37,1917.0
32029,58.99,2168.0
32031,52.14,159079.0
32033,70.65,3802.0
32510,58.25,23106.0
33001,56.0,32298.0
33003,52.32,28222.0
33005,40.25,41347.0
33007,48.68,16925.0
33009,43.65,46971.0
33011,51.45,195427.0
33013,47.43,76647.0
33015,52.11,158816.0
33017,43.94,59281.0
33019,47.01,21804.0
34001,47.03,106097.0
34003,47.76,400244.0
34005,46.49,207956.0
34007,37.15,220933.0
34009,57.31,50762.0
34011,46.64,53185.0
34013,29.04,289348.0
34015,47.32,127964.0
34017,32.24,189446.0
34019,60.49,66680.0
34021,38.2,149510.0
34023,43.15,295805.0
34025,55.02,299939.0
34027,57.97,235154.0
34029,60.7,256306.0
34031,44.19,171311.0
34033,53.35,29781.0
34035,52.17,140279.0
34037,64.98,69396.0
34039,40.87,203387.0
34041,62.08,48208.0
35001,47.87,256811.0
35003,72.14,1993.0
35005,68.71,21705.0
35006,47.05,7487.0
35007,52.18,5968.0
35009,75.05,14286.0
35011,NA,NA
35013,48.19,61960.0
35015,65.85,20270.0
35017,46.37,13392.0
35019,40.55,2267.0
35021,59.47,644.0
35023,55.66,1964.0
35025,79.83,18181.0
35027,68.26,9014.0
35028,52.74,11197.0
35029,55.49,7593.0
35031,36.03,20623.0
35033,33.1,2826.0
35035,68.62,20764.0
35037,65.17,4117.0
35039,34.55,14999.0
35041,70.59,7144.0
35043,51.37,44541.0
35045,66.55,45006.0
35047,27.62,12116.0
35049,28.18,66200.0
35051,62.15,5157.0
35053,47.87,7851.0
35055,25.02,14835.0
35057,62.79,6507.0
35059,77.96,1881.0
35061,56.22,26012.0
36001,38.05,147199.0
36003,65.22,19270.0
36005,16.64,342929.0
36007,48.49,91890.0
36009,59.74,34262.0
36011,50.3,36052.0
36013,54.34,60942.0
36015,55.52,39075.0
36017,55.53,21341.0
36019,46.52,33736.0
36021,47.58,31103.0
36023,52.12,22760.0
36025,57.82,21166.0
36027,52.11,123881.0
36029,42.35,445138.0
36031,52.95,19082.0
36033,46.76,18316.0
36035,57.73,22215.0
36037,61.82,27580.0
36039,59.26,22398.0
36041,68.37,3692.0
36043,57.85,28310.0
36045,55.74,38800.0
36047,24.5,687780.0
36049,59.3,11397.0
36051,60.65,29948.0
36053,55.76,30287.0
36055,48.52,342981.0
36057,54.54,21221.0
36059,47.16,618343.0
36061,16.94,641747.0
36063,49.74,96580.0
36065,56.22,95369.0
36067,44.68,214589.0
36069,56.95,50102.0
36071,55.51,144673.0
36073,63.39,16573.0
36075,52.17,51607.0
36077,51.19,26652.0
36079,57.38,46563.0
36081,27.67,605062.0
36083,49.05,72514.0
36085,56.89,160126.0
36087,50.36,131231.0
36089,44.1,41755.0
36091,53.54,106873.0
36093,47.13,69469.0
36095,60.41,14557.0
36097,59.01,8590.0
36099,53.35,15325.0
36101,65.01,42284.0
36103,49.52,638712.0
36105,50.47,30966.0
36107,58.67,23902.0
36109,33.95,42402.0
36111,44.27,87712.0
36113,55.87,31059.0
36115,56.55,25103.0
36117,61.13,41200.0
36119,40.99,395770.0
36121,65.69,18164.0
36123,60.01,10711.0
37001,61.68,54175.0
37003,70.29,15600.0
37005,60.0,4827.0
37007,41.22,9225.0
37009,61.96,11823.0
37011,75.88,7524.0
37013,63.89,19522.0
37015,38.24,8032.0
37017,50.26,12313.0
37019,60.6,37977.0
37021,50.3,105013.0
37023,61.74,30762.0
37025,67.31,60824.0
37027,67.94,31348.0
37029,64.94,3830.0
37031,69.62,25575.0
37033,51.75,9437.0
37035,67.74,58688.0
37037,49.99,25922.0
37039,67.4,11199.0
37041,55.22,5386.0
37043,66.34,4866.0
37045,61.54,37079.0
37047,51.02,21191.0
37049,62.71,37756.0
37051,51.77,95226.0
37053,67.4,8976.0
37055,60.36,15548.0
37057,70.99,59496.0
37059,74.51,16680.0
37061,58.13,16583.0
37063,31.72,109651.0
37065,38.8,21079.0
37067,54.31,139125.0
37069,55.41,20918.0
37071,68.11,63755.0
37073,47.56,4053.0
37075,67.92,3987.0
37077,51.17,18601.0
37079,58.78,6472.0
37081,49.55,199314.0
37083,41.23,19647.0
37085,64.41,32571.0
37087,56.42,25932.0
37089,65.13,43234.0
37091,36.4,8132.0
37093,47.57,11088.0
37095,54.1,2293.0
37097,68.16,56973.0
37099,52.18,14174.0
37101,68.13,54357.0
37103,57.93,4513.0
37105,60.72,19543.0
37107,55.9,23179.0
37109,68.01,29579.0
37111,66.52,16002.0
37113,63.25,15024.0
37115,55.0,9463.0
37117,51.11,10452.0
37119,48.18,323102.0
37121,73.22,7798.0
37123,57.12,10080.0
37125,64.58,38382.0
37127,58.26,37673.0
37129,56.04,81247.0
37131,36.26,8770.0
37133,69.71,37277.0
37135,32.62,64153.0
37137,61.17,6038.0
37139,48.62,13648.0
37141,58.92,17085.0
37143,60.07,4958.0
37145,59.15,15214.0
37147,53.43,53643.0
37149,57.58,9021.0
37151,74.44,50910.0
37153,47.91,16145.0
37155,47.1,33871.0
37157,61.28,37388.0
37159,67.6,51867.0
37161,66.63,24658.0
37163,56.63,22288.0
37165,44.6,11547.0
37167,69.96,25553.0
37169,70.2,19414.0
37171,67.93,25992.0
37173,51.74,5044.0
37175,60.62,15588.0
37177,53.91,1590.0
37179,70.43,61001.0
37181,44.0,15677.0
37183,51.07,348844.0
37185,35.45,8027.0
37187,45.55,5471.0
37189,52.99,24050.0
37191,62.27,40046.0
37193,70.94,27154.0
37195,53.38,30535.0
37197,77.4,15313.0
37199,52.7,9431.0
38001,72.16,1291.0
38003,61.83,5813.0
38005,45.59,2246.0
38007,81.93,564.0
38009,67.88,3674.0
38011,76.33,1716.0
38013,70.63,1165.0
38015,69.58,38814.0
38017,60.37,66711.0
38019,63.18,2444.0
38021,68.16,2821.0
38023,60.66,1268.0
38025,67.35,1774.0
38027,55.09,1213.0
38029,70.34,2113.0
38031,70.18,1766.0
38033,78.67,927.0
38035,57.77,30470.0
38037,78.29,1242.0
38039,64.24,1439.0
38041,72.05,1494.0
38043,67.57,1369.0
38045,NA,NA
38047,76.1,1130.0
38049,62.87,2820.0
38051,74.2,1722.0
38053,69.13,2762.0
38055,64.43,4750.0
38057,72.52,4617.0
38059,67.15,12633.0
38061,51.04,3030.0
38063,58.73,1922.0
38065,71.82,1119.0
38067,65.12,3856.0
38069,68.26,2195.0
38071,60.96,4900.0
38073,53.0,2602.0
38075,65.72,1469.0
38077,65.11,8215.0
38079,35.19,4044.0
38081,52.91,2200.0
38083,78.43,944.0
38085,28.41,1140.0
38087,79.01,432.0
38089,70.56,10400.0
38091,48.75,1213.0
38093,65.46,10122.0
38095,55.44,1391.0
38097,60.63,4248.0
38099,62.64,5186.0
38101,67.37,25612.0
38103,65.84,2561.0
38105,71.42,8929.0
39001,64.13,12000.0
39003,66.42,49256.0
39005,65.4,24979.0
39007,46.65,45407.0
39009,36.34,30045.0
39011,74.24,23034.0
39013,47.0,33322.0
39015,63.92,19892.0
39017,66.14,166819.0
39019,54.98,14112.0
39021,62.71,18776.0
39023,51.03,68807.0
39025,70.86,89079.0
39027,70.49,18414.0
39029,52.36,49465.0
39031,57.15,17303.0
39033,64.11,21801.0
39035,33.07,673777.0
39037,70.0,26313.0
39039,62.03,18516.0
39041,66.27,80456.0
39043,46.47,40085.0
39045,63.28,67882.0
39047,62.99,11757.0
39049,45.36,525827.0
39051,62.39,21954.0
39053,61.51,13993.0
39055,60.47,50442.0
39057,61.31,79282.0
39059,56.19,17840.0
39061,52.72,424025.0
39063,70.8,35619.0
39065,63.31,13392.0
39067,53.07,8109.0
39069,65.96,15105.0
39071,66.35,18481.0
39073,52.9,13199.0
39075,75.84,11220.0
39077,58.37,25558.0
39079,60.1,14334.0
39081,47.46,36372.0
39083,63.48,27045.0
39085,51.3,121823.0
39087,56.05,27710.0
39089,61.99,79420.0
39091,67.95,21398.0
39093,43.66,140742.0
39095,39.64,220430.0
39097,64.19,17398.0
39099,36.95,132904.0
39101,59.0,29258.0
39103,57.06,84878.0
39105,58.56,10771.0
39107,75.36,20890.0
39109,65.88,51760.0
39111,44.66,7729.0
39113,49.18,282584.0
39115,56.66,6703.0
39117,64.46,16328.0
39119,57.54,38866.0
39121,59.14,6540.0
39123,52.06,23259.0
39125,63.22,9879.0
39127,51.98,15189.0
39129,62.27,22852.0
39131,52.12,12576.0
39133,46.66,76647.0
39135,65.38,21127.0
39137,76.59,18849.0
39139,59.94,61840.0
39141,55.21,31671.0
39143,56.12,29014.0
39145,52.04,35203.0
39147,59.18,26991.0
39149,71.26,22855.0
39151,49.17,188459.0
39153,43.09,276320.0
39155,38.07,108145.0
39157,55.83,42906.0
39159,70.42,22631.0
39161,72.28,14827.0
39163,55.07,5928.0
39165,72.32,94422.0
39167,58.3,30216.0
39169,61.7,51848.0
39171,65.01,18639.0
39173,53.33,63346.0
39175,66.17,11043.0
40001,65.99,7533.0
40003,82.4,2671.0
40005,61.75,5088.0
40007,88.44,2569.0
40009,73.85,7385.0
40011,72.36,4421.0
40013,59.99,14360.0
40015,62.37,10407.0
40017,77.42,43009.0
40019,65.32,18644.0
40021,52.6,18192.0
40023,54.55,5807.0
40025,87.1,1426.0
40027,65.9,99727.0
40029,53.71,2599.0
40031,63.78,33192.0
40033,65.98,2640.0
40035,60.86,6398.0
40037,65.5,28777.0
40039,73.67,10640.0
40041,64.18,15608.0
40043,81.87,2251.0
40045,81.01,2080.0
40047,76.0,23271.0
40049,67.24,11317.0
40051,70.31,20106.0
40053,77.35,2521.0
40055,68.02,2248.0
40057,70.3,1192.0
40059,83.9,1665.0
40061,55.33,5324.0
40063,57.32,5349.0
40065,75.89,9256.0
40067,59.39,2603.0
40069,60.6,4348.0
40071,70.33,20078.0
40073,84.64,6652.0
40075,64.88,4023.0
40077,56.58,4480.0
40079,61.31,17424.0
40081,71.52,14190.0
40083,70.21,16343.0
40085,59.87,3833.0
40087,72.85,13783.0
40089,66.98,11156.0
40091,51.11,9180.0
40093,85.32,3659.0
40095,61.7,5451.0
40097,58.93,16879.0
40099,63.24,5795.0
40101,54.58,27709.0
40103,74.94,5328.0
40105,62.82,4465.0
40107,59.32,4285.0
40109,64.23,272039.0
40111,53.17,15730.0
40113,58.7,19535.0
40115,59.41,12529.0
40117,63.25,6976.0
40119,65.95,29661.0
40121,59.91,18586.0
40123,65.13,14812.0
40125,66.59,25853.0
40127,59.68,4797.0
40129,78.42,1770.0
40131,67.7,36894.0
40133,60.66,9272.0
40135,60.0,14775.0
40137,71.22,19161.0
40139,84.29,6466.0
40141,65.92,3448.0
40143,64.43,253672.0
40145,67.57,28238.0
40147,70.69,23413.0
40149,73.44,5045.0
40151,77.26,4098.0
40153,80.94,7651.0
41001,70.5,9034.0
41003,41.05,45735.0
41005,50.66,195000.0
41007,44.84,19309.0
41009,48.58,24917.0
41011,55.96,33362.0
41013,69.31,10051.0
41015,58.41,12799.0
41017,57.25,74048.0
41019,66.53,54984.0
41021,67.11,1138.0
41023,80.42,4061.0
41025,77.04,3702.0
41027,42.47,9859.0
41029,56.02,102189.0
41031,59.49,8115.0
41033,63.3,42275.0
41035,73.34,31515.0
41037,79.12,3905.0
41039,41.04,185872.0
41041,42.49,24325.0
41043,61.05,52041.0
41045,75.92,10846.0
41047,54.79,129619.0
41049,66.75,4149.0
41051,27.5,362694.0
41053,55.75,35489.0
41055,64.02,1104.0
41057,50.92,13951.0
41059,65.77,26322.0
41061,66.72,13519.0
41063,71.17,4521.0
41065,51.81,12002.0
41067,46.95,231308.0
41069,71.41,880.0
41071,57.57,42142.0
42001,67.24,42228.0
42003,42.43,645469.0
42005,61.15,31097.0
42007,48.64,82543.0
42009,73.41,22679.0
42011,53.31,164487.0
42013,66.38,54178.0
42015,66.36,25652.0
42017,48.59,319816.0
42019,64.62,85425.0
42021,51.09,66983.0
42023,66.82,2406.0
42025,50.6,25043.0
42027,51.88,64253.0
42029,52.25,230823.0
42031,64.65,17184.0
42033,60.3,34233.0
42035,57.98,13967.0
42037,60.05,26869.0
42039,57.84,38322.0
42041,64.08,106082.0
42043,54.14,121208.0
42045,42.55,284538.0
42047,54.39,14550.0
42049,45.79,125898.0
42051,46.24,54707.0
42053,61.37,2573.0
42055,71.63,58569.0
42057,76.39,6271.0
42059,50.36,15565.0
42061,67.35,18058.0
42063,56.13,36248.0
42065,68.77,19560.0
42067,71.86,10006.0
42069,42.9,105819.0
42071,66.2,221278.0
42073,50.64,43442.0
42075,67.19,55665.0
42077,48.69,145091.0
42079,48.28,136028.0
42081,68.41,50049.0
42083,NA,NA
42085,51.45,51564.0
42087,70.57,16802.0
42089,50.0,56342.0
42091,44.18,399591.0
42093,64.78,7624.0
42095,49.46,126740.0
42097,60.39,37134.0
42099,71.96,19427.0
42101,19.35,674069.0
42103,58.98,21299.0
42105,71.32,7962.0
42107,54.94,65269.0
42109,70.85,14983.0
42111,64.95,36778.0
42113,62.89,3285.0
42115,61.16,19040.0
42117,68.85,17571.0
42119,64.45,16123.0
42121,61.59,23659.0
42123,57.76,19273.0
42125,49.71,96177.0
42127,62.98,21967.0
42129,56.27,178696.0
42131,60.97,12832.0
42133,64.21,179269.0
44001,40.55,24677.0
44003,44.03,77842.0
44005,41.96,40337.0
44007,36.25,230947.0
44009,43.35,62486.0
45001,55.33,9925.0
45003,66.37,59492.0
45005,27.75,3591.0
45007,67.69,64722.0
45009,35.76,6036.0
45011,53.63,8685.0
45013,60.78,55235.0
45015,61.45,52937.0
45017,50.4,6919.0
45019,52.44,136316.0
45021,65.15,18714.0
45023,50.03,11729.0
45025,51.87,14049.0
45027,46.1,13200.0
45029,52.02,14106.0
45031,53.14,25454.0
45033,47.09,9235.0
45035,63.84,41317.0
45037,58.07,9746.0
45039,37.99,9435.0
45041,56.36,49545.0
45043,54.32,23593.0
45045,NA,NA
45047,61.44,23442.0
45049,39.06,8016.0
45051,63.06,81347.0
45053,43.3,6846.0
45055,62.45,22915.0
45057,62.86,20814.0
45059,61.11,23829.0
45061,36.9,7898.0
45063,72.56,93432.0
45065,47.5,5122.0
45067,41.85,13507.0
45069,40.72,8560.0
45071,63.06,12409.0
45073,69.14,27532.0
45075,33.95,37564.0
45077,74.31,40510.0
45079,NA,NA
45081,60.19,7578.0
45083,64.83,96758.0
45085,49.16,37003.0
45087,55.73,11934.0
45089,34.65,13918.0
45091,65.12,70181.0
46003,61.94,1649.0
46005,58.82,8480.0
46007,52.32,1630.0
46009,61.47,3408.0
46011,58.47,13375.0
46013,56.66,18599.0
46015,59.75,2629.0
46017,27.0,841.0
46019,75.83,4271.0
46021,74.76,959.0
46023,54.26,4798.0
46025,62.12,2327.0
46027,44.81,6136.0
46029,61.82,12751.0
46031,42.55,1724.0
46033,69.67,4304.0
46035,63.02,8952.0
46037,47.91,3540.0
46039,59.4,2412.0
46041,36.45,2564.0
46043,80.24,2012.0
46045,65.21,2234.0
46047,64.54,3845.0
46049,69.33,1369.0
46051,59.43,4090.0
46053,67.45,2546.0
46055,82.14,1240.0
46057,65.72,3011.0
46059,68.93,2187.0
46061,64.92,2150.0
46063,88.22,815.0
46065,69.05,8835.0
46067,71.12,4147.0
46069,70.9,900.0
46071,58.83,1271.0
46073,60.43,1236.0
46075,80.83,717.0
46077,60.8,3014.0
46079,57.24,6007.0
46081,66.01,11619.0
46083,66.18,17066.0
46085,54.13,1940.0
46087,62.68,3271.0
46089,76.18,1579.0
46091,53.05,2364.0
46093,73.95,11504.0
46095,60.5,931.0
46097,55.82,1470.0
46099,57.76,77632.0
46101,52.66,3451.0
46103,67.84,44968.0
46105,76.07,1813.0
46107,71.17,1618.0
46109,48.67,4982.0
46111,58.44,1426.0
46113,12.85,4214.0
46115,60.45,3774.0
46117,70.87,1623.0
46119,77.74,917.0
46121,25.9,3524.0
46123,69.64,3245.0
46125,65.2,4834.0
46127,57.06,7048.0
46129,69.14,2880.0
46135,58.62,10431.0
46137,41.08,1116.0
47001,58.94,31682.0
47003,61.32,13706.0
47005,44.96,7090.0
47007,59.65,4809.0
47009,68.84,48712.0
47011,73.35,35637.0
47013,56.05,14118.0
47015,53.82,5481.0
47017,56.57,11757.0
47019,71.15,22313.0
47021,62.05,15697.0
47023,64.57,6357.0
47025,61.51,10540.0
47027,49.62,3357.0
47029,67.83,12311.0
47031,58.86,20167.0
47033,56.87,5722.0
47035,64.52,23637.0
47037,44.83,242302.0
47039,53.08,4879.0
47041,51.68,7173.0
47043,55.14,19298.0
47045,61.5,13809.0
47047,61.14,14737.0
47049,64.42,6700.0
47051,53.93,17077.0
47053,55.46,19221.0
47055,53.89,11537.0
47057,65.64,7527.0
47059,68.21,24194.0
47061,43.04,4929.0
47063,66.48,22318.0
47065,57.82,136936.0
47067,69.32,2551.0
47069,45.28,10466.0
47071,61.35,9954.0
47073,66.8,20233.0
47075,41.87,7548.0
47077,65.63,10096.0
47079,56.15,13177.0
47081,50.56,8673.0
47083,40.38,3598.0
47085,42.1,7793.0
47087,40.33,5056.0
47089,68.01,17215.0
47091,71.89,6480.0
47093,62.67,178419.0
47095,44.1,4740.0
47097,48.21,8682.0
47099,60.17,16658.0
47101,56.26,5054.0
47103,63.26,12457.0
47105,71.1,19864.0
47107,67.04,18003.0
47109,58.53,9924.0
47111,63.04,7433.0
47113,56.28,38675.0
47115,51.38,11492.0
47117,55.23,10615.0
47119,58.58,30043.0
47121,61.05,4132.0
47123,65.41,15568.0
47125,58.79,48998.0
47127,60.61,2774.0
47129,60.08,7360.0
47131,58.61,13535.0
47133,46.59,8510.0
47135,49.08,3150.0
47137,60.77,2645.0
47139,59.03,6700.0
47141,59.68,26442.0
47143,66.58,11054.0
47145,62.43,23338.0
47147,60.85,25323.0
47149,62.26,84409.0
47151,59.37,7628.0
47153,59.77,4983.0
47155,71.98,30970.0
47157,42.16,377282.0
47159,48.04,7828.0
47161,48.33,5583.0
47163,68.43,62639.0
47165,65.19,61968.0
47167,65.77,21677.0
47169,41.52,3191.0
47171,67.94,7463.0
47173,62.15,6710.0
47175,48.09,2347.0
47177,52.43,14400.0
47179,66.55,45006.0
47181,67.21,5984.0
47183,58.31,13496.0
47185,55.96,9495.0
47187,72.55,79650.0
47189,65.44,44452.0
48001,71.13,16301.0
48003,85.0,4536.0
48005,67.05,28364.0
48007,71.33,9268.0
48009,80.2,4451.0
48011,83.0,1004.0
48013,63.33,12116.0
48015,75.76,10702.0
48017,78.19,2412.0
48019,79.96,8741.0
48021,57.57,23441.0
48023,71.45,1640.0
48025,57.3,9518.0
48027,65.74,79724.0
48029,55.27,475314.0
48031,72.12,4584.0
48033,84.64,359.0
48035,75.97,7586.0
48037,64.72,33760.0
48039,68.77,93248.0
48041,69.98,54309.0
48043,53.38,3760.0
48045,76.45,811.0
48047,31.67,2674.0
48049,82.19,14253.0
48051,65.93,6721.0
48053,73.42,15742.0
48055,56.02,11587.0
48057,62.93,6929.0
48059,80.89,5654.0
48061,50.58,69156.0
48063,59.74,4439.0
48065,83.48,2944.0
48067,61.46,12049.0
48069,73.98,2430.0
48071,74.48,11649.0
48073,71.85,15839.0
48075,76.12,2144.0
48077,75.35,5288.0
48079,77.47,1110.0
48081,83.42,1610.0
48083,79.6,3826.0
48085,71.67,245154.0
48087,75.23,1398.0
48089,71.75,7690.0
48091,77.53,41043.0
48093,72.71,5268.0
48095,77.14,1193.0
48097,79.12,15107.0
48099,70.8,17625.0
48101,71.95,768.0
48103,83.8,1574.0
48105,72.52,1728.0
48107,72.59,2275.0
48109,52.05,788.0
48111,82.85,1782.0
48113,50.7,687709.0
48115,75.42,4545.0
48117,78.51,5291.0
48119,69.77,2082.0
48121,70.36,201410.0
48123,NA,NA
48125,76.89,1063.0
48127,33.44,3566.0
48129,80.37,1784.0
48131,28.46,4091.0
48133,76.84,6857.0
48135,76.22,36310.0
48137,77.44,963.0
48139,74.83,46444.0
48141,43.5,169573.0
48143,77.82,12281.0
48145,58.73,5902.0
48147,66.36,11960.0
48149,72.87,10397.0
48151,60.5,1923.0
48153,78.85,2584.0
48155,59.62,587.0
48157,57.67,163169.0
48159,75.91,4217.0
48161,70.96,7161.0
48163,50.76,3930.0
48165,85.34,4164.0
48167,58.26,105981.0
48169,81.95,1812.0
48171,81.55,11553.0
48173,91.73,533.0
48175,65.03,3501.0
48177,71.52,6022.0
48179,84.92,8572.0
48181,69.59,44423.0
48183,70.87,42398.0
48185,65.99,8030.0
48187,73.27,38752.0
48189,79.43,10154.0
48191,67.56,1277.0
48193,77.17,3730.0
48195,88.8,2147.0
48197,71.66,1702.0
48199,72.83,20710.0
48201,55.13,1067968.0
48203,63.08,26223.0
48205,84.64,2059.0
48207,63.97,2416.0
48209,57.33,47823.0
48211,84.3,1643.0
48213,70.38,28849.0
48215,44.95,113683.0
48217,71.09,13053.0
48219,81.64,7577.0
48221,76.99,21293.0
48223,71.37,12062.0
48225,66.69,8806.0
48227,73.75,10201.0
48229,65.64,886.0
48231,71.57,28194.0
48233,83.91,9369.0
48235,82.91,828.0
48237,79.34,3126.0
48239,74.4,5077.0
48241,65.12,12873.0
48243,66.9,1167.0
48245,48.56,91866.0
48247,34.63,2065.0
48249,46.02,12691.0
48251,73.86,47422.0
48253,71.96,5931.0
48255,66.87,4673.0
48257,70.42,30366.0
48259,81.87,14072.0
48261,49.1,169.0
48263,73.46,522.0
48265,78.4,21246.0
48267,82.06,1816.0
48269,88.39,156.0
48271,65.98,1600.0
48273,54.11,9973.0
48275,69.97,1552.0
48277,69.31,17470.0
48279,79.92,4271.0
48281,77.29,7025.0
48283,44.59,2230.0
48285,73.52,8177.0
48287,68.66,6088.0
48289,74.12,6799.0
48291,68.61,21691.0
48293,64.63,7818.0
48295,86.18,1337.0
48297,75.23,4201.0
48299,76.24,9563.0
48301,84.42,80.0
48303,75.73,93151.0
48305,78.38,2271.0
48307,76.79,3220.0
48309,66.06,79254.0
48311,83.1,564.0
48313,69.67,4101.0
48315,56.44,4348.0
48317,84.02,1807.0
48319,77.71,2077.0
48321,65.09,12521.0
48323,40.36,10034.0
48325,70.62,14826.0
48327,69.69,1103.0
48329,82.05,44834.0
48331,60.57,8783.0
48333,81.18,2231.0
48335,74.95,2558.0
48337,75.23,7897.0
48339,78.52,133988.0
48341,82.01,5628.0
48343,53.63,5278.0
48345,83.31,684.0
48347,66.44,21466.0
48349,67.08,16034.0
48351,55.69,5700.0
48353,70.72,5289.0
48355,57.19,104560.0
48357,92.09,3177.0
48359,87.16,843.0
48361,63.88,31908.0
48363,71.71,10014.0
48365,70.36,10007.0
48367,78.0,40957.0
48369,85.93,2773.0
48371,71.83,4428.0
48373,66.43,20846.0
48375,74.08,29056.0
48377,38.15,1890.0
48379,71.19,4229.0
48381,83.77,48587.0
48383,83.86,1143.0
48385,80.17,1645.0
48387,61.71,5490.0
48389,52.62,3395.0
48391,64.23,3455.0
48393,90.93,507.0
48395,56.0,6795.0
48397,79.09,25581.0
48399,80.35,4049.0
48401,73.21,18344.0
48403,68.01,4639.0
48405,59.74,3757.0
48407,66.74,8125.0
48409,63.44,21320.0
48411,78.17,2431.0
48413,76.44,1329.0
48415,82.35,5572.0
48417,84.94,1527.0
48419,68.08,9279.0
48421,88.37,1066.0
48423,72.78,73664.0
48425,76.47,3551.0
48427,26.17,9781.0
48429,79.95,3519.0
48431,88.46,615.0
48433,66.62,752.0
48435,80.73,1453.0
48437,70.37,2120.0
48439,62.77,560141.0
48441,77.74,48099.0
48443,65.81,469.0
48445,79.95,3970.0
48447,76.46,863.0
48449,64.28,8907.0
48451,75.78,37417.0
48453,42.85,352113.0
48455,64.39,6213.0
48457,65.48,7745.0
48459,70.78,14526.0
48461,84.51,1197.0
48463,60.95,8483.0
48465,59.43,11795.0
48467,75.64,19856.0
48469,70.94,29602.0
48471,66.21,17822.0
48473,55.55,13881.0
48475,76.02,3768.0
48477,73.9,13063.0
48479,42.87,41556.0
48481,66.39,14039.0
48483,82.35,2394.0
48485,71.7,45545.0
48487,74.16,4990.0
48489,44.69,4962.0
48491,65.89,128198.0
48493,70.23,14885.0
48495,80.4,2002.0
48497,76.04,20047.0
48499,76.08,16929.0
48501,85.56,2613.0
48503,79.54,7409.0
48505,42.49,2898.0
48507,24.99,3118.0
49001,80.41,2544.0
49003,87.53,18368.0
49005,83.6,39731.0
49007,59.18,8508.0
49009,77.87,499.0
49011,80.49,109268.0
49013,86.53,5556.0
49015,81.98,4678.0
49017,87.5,2162.0
49019,53.41,4165.0
49021,84.97,15446.0
49023,81.59,3417.0
49025,80.74,3051.0
49027,86.71,4877.0
49029,87.49,3841.0
49031,84.01,773.0
49033,89.43,1037.0
49035,61.34,362138.0
49037,60.92,4950.0
49039,85.49,8507.0
49041,87.76,7641.0
49043,53.22,15312.0
49045,74.68,16664.0
49047,87.06,9957.0
49049,88.08,149173.0
49051,74.8,7512.0
49053,82.59,44018.0
49055,79.19,1360.0
49057,72.05,72691.0
50001,38.83,18579.0
50003,40.76,19065.0
50005,48.77,14211.0
50007,34.86,77696.0
50009,55.49,2937.0
50011,45.75,19920.0
50013,43.85,4077.0
50015,35.81,12181.0
50017,44.04,14895.0
50019,47.23,12242.0
50021,47.59,30975.0
50023,37.41,31448.0
50025,31.97,23316.0
50027,38.24,30767.0
51001,58.34,13356.0
51003,48.96,43726.0
51005,55.3,7195.0
51007,65.27,5397.0
51009,61.45,12695.0
51011,66.59,6655.0
51013,31.65,94650.0
51015,75.9,29704.0
51017,63.36,2282.0
51019,NA,NA
51021,69.87,2865.0
51023,69.35,15797.0
51025,41.25,6926.0
51027,46.07,9829.0
51029,53.31,6027.0
51031,69.84,22997.0
51033,50.61,9954.0
51035,67.76,12128.0
51036,36.78,3439.0
51037,58.75,5438.0
51041,62.92,133814.0
51043,58.09,6505.0
51045,65.44,2621.0
51047,64.68,15605.0
51049,58.0,4126.0
51051,48.84,7406.0
51053,57.55,10839.0
51057,53.44,4344.0
51059,NA,NA
51061,63.96,29915.0
51063,62.59,6734.0
51065,59.39,10957.0
51067,NA,NA
51069,68.65,28540.0
51071,58.64,7498.0
51073,68.47,16333.0
51075,65.05,10338.0
51077,65.7,7137.0
51079,67.11,6939.0
51081,40.79,4258.0
51083,57.35,14656.0
51085,71.75,49611.0
51087,54.12,133418.0
51089,57.56,23458.0
51091,65.29,1520.0
51093,62.84,15871.0
51095,61.36,31090.0
51097,53.56,3286.0
51099,65.17,7921.0
51101,64.35,6872.0
51103,60.05,6230.0
51105,58.58,9770.0
51107,56.09,108430.0
51109,59.39,12035.0
51111,54.75,5245.0
51113,62.04,5772.0
51115,68.76,5129.0
51117,58.03,12780.0
51119,63.54,5377.0
51121,54.72,31515.0
51125,49.97,7139.0
51127,68.91,7946.0
51131,49.03,5499.0
51133,60.06,6409.0
51135,55.62,6030.0
51137,60.71,12928.0
51139,65.18,9603.0
51141,68.16,8215.0
51143,65.58,27417.0
51145,74.21,12163.0
51147,49.58,7316.0
51149,61.61,13254.0
51153,53.25,132063.0
51155,62.28,14251.0
51157,54.18,4050.0
51159,NA,NA
51161,NA,NA
51163,59.87,9181.0
51165,74.93,29216.0
51167,54.05,11423.0
51169,66.09,9967.0
51171,69.5,17146.0
51173,65.62,12319.0
51175,53.94,7492.0
51177,63.18,45445.0
51179,62.35,45986.0
51181,44.12,3522.0
51183,43.85,4345.0
51185,58.29,17480.0
51187,62.13,14068.0
51191,66.77,22514.0
51193,50.46,6848.0
51195,58.94,14312.0
51197,68.84,11554.0
51199,65.37,29880.0
51510,NA,NA
51515,58.55,2542.0
51520,NA,NA
51530,NA,NA
51540,NA,NA
51550,NA,NA
51560,NA,NA
51570,NA,NA
51580,NA,NA
51590,NA,NA
51595,NA,NA
51600,48.32,10546.0
51610,NA,NA
51620,45.78,3536.0
51630,NA,NA
51640,NA,NA
51650,NA,NA
51660,NA,NA
51670,NA,NA
51678,NA,NA
51680,NA,NA
51683,NA,NA
51685,NA,NA
51690,NA,NA
51700,NA,NA
51710,NA,NA
51720,NA,NA
51730,NA,NA
51735,NA,NA
51740,NA,NA
51750,NA,NA
51760,29.32,74325.0
51770,46.9,36000.0
51775,NA,NA
51790,NA,NA
51800,NA,NA
51810,NA,NA
51820,NA,NA
51830,NA,NA
51840,NA,NA
53001,74.04,5127.0
53003,61.58,8786.0
53005,67.3,66886.0
53007,63.83,29396.0
53009,52.54,36766.0
53011,52.71,170439.0
53013,70.84,2107.0
53015,48.36,42473.0
53017,67.39,13372.0
53019,62.7,3341.0
53021,67.46,16159.0
53023,71.92,1320.0
53025,69.59,25995.0
53027,46.88,27953.0
53029,52.03,38559.0
53031,36.42,18616.0
53033,34.15,893534.0
53035,47.77,118453.0
53037,57.35,16084.0
53039,55.41,9237.0
53041,66.24,32428.0
53043,70.18,5811.0
53045,48.18,25394.0
53047,60.43,16342.0
53049,45.41,10431.0
53051,61.52,6198.0
53053,48.79,313331.0
53055,33.3,10088.0
53057,50.98,52230.0
53059,53.17,5159.0
53061,46.19,294997.0
53063,56.06,202587.0
53065,65.61,20340.0
53067,43.38,112789.0
53069,53.42,2235.0
53071,63.43,22925.0
53073,45.5,90394.0
53075,53.14,18012.0
53077,60.36,72790.0
54001,60.54,6655.0
54003,63.49,33785.0
54005,41.49,10198.0
54007,49.59,6051.0
54009,48.58,10773.0
54011,55.92,37950.0
54013,55.64,2889.0
54015,54.5,4072.0
54017,74.7,3179.0
54019,46.77,16967.0
54021,58.96,2852.0
54023,80.84,5047.0
54025,57.87,14553.0
54027,69.1,7996.0
54029,51.38,14321.0
54031,69.21,5276.0
54033,56.38,30588.0
54035,58.81,13158.0
54037,53.12,19993.0
54039,50.81,87928.0
54041,64.23,6999.0
54043,50.33,8312.0
54045,47.22,14987.0
54047,38.03,7299.0
54049,48.75,25194.0
54051,56.96,15072.0
54053,54.54,11990.0
54055,58.72,22379.0
54057,69.06,11461.0
54059,43.53,10655.0
54061,52.0,34306.0
54063,60.84,5951.0
54065,66.5,6847.0
54067,53.39,10351.0
54069,57.79,20392.0
54071,60.84,3544.0
54073,60.44,3435.0
54075,59.33,3918.0
54077,66.47,11929.0
54079,62.82,25151.0
54081,61.05,30525.0
54083,57.1,11490.0
54085,74.25,4196.0
54087,56.84,6100.0
54089,54.32,5524.0
54091,59.8,6551.0
54093,60.88,3600.0
54095,66.63,4245.0
54097,67.11,9293.0
54099,54.49,18609.0
54101,46.73,3714.0
54103,52.33,7038.0
54105,65.84,2654.0
54107,64.01,39227.0
54109,57.44,8718.0
55001,47.31,10456.0
55003,36.33,9199.0
55005,50.7,23937.0
55007,39.11,9699.0
55009,55.01,123294.0
55011,46.69,7591.0
55013,51.32,9321.0
55015,58.86,25276.0
55017,51.16,30524.0
55019,53.35,15125.0
55021,51.12,29555.0
55023,44.15,8459.0
55025,33.29,274249.0
55027,61.97,44336.0
55029,51.57,17491.0
55031,33.81,25187.0
55033,47.47,23172.0
55035,45.05,55437.0
55037,63.17,2724.0
55039,63.4,53036.0
55041,50.97,5153.0
55043,48.69,25264.0
55045,47.02,18248.0
55047,64.23,10178.0
55049,42.89,12542.0
55051,49.06,3879.0
55053,45.53,9726.0
55055,57.02,42115.0
55057,53.03,12379.0
55059,47.01,76428.0
55061,53.57,11273.0
55063,46.03,62136.0
55065,47.16,8388.0
55067,56.75,11074.0
55069,51.74,15700.0
55071,52.72,44160.0
55073,54.08,68059.0
55075,53.8,22270.0
55077,54.88,8477.0
55078,16.94,1710.0
55079,37.72,482236.0
55081,53.62,19554.0
55083,56.41,19794.0
55085,52.03,22039.0
55087,54.9,90050.0
55089,66.33,53032.0
55091,45.93,4066.0
55093,48.29,21876.0
55095,51.98,23503.0
55097,43.08,38961.0
55099,49.79,8763.0
55101,52.1,101569.0
55103,51.79,9420.0
55105,41.57,80479.0
55107,51.06,7927.0
55109,54.7,41835.0
55111,47.85,30417.0
55113,52.88,9453.0
55115,58.39,20999.0
55117,55.52,62625.0
55119,59.31,9543.0
55121,42.13,14062.0
55123,46.09,14845.0
55125,58.8,14002.0
55127,59.99,48446.0
55129,50.3,9567.0
55131,70.46,72467.0
55133,67.79,230363.0
55135,59.63,26974.0
55137,56.71,12246.0
55139,53.2,88596.0
55141,52.08,40071.0
56001,55.86,16624.0
56003,81.51,5283.0
56005,83.44,15099.0
56007,68.8,7077.0
56009,78.97,5725.0
56011,84.99,3396.0
56013,68.16,17096.0
56015,72.43,5779.0
56017,74.41,2480.0
56019,82.7,3991.0
56021,66.33,39879.0
56023,82.48,7914.0
56025,68.56,32068.0
56027,82.23,1314.0
56029,78.4,14231.0
56031,70.34,4574.0
56033,70.44,14029.0
56035,79.59,3651.0
56037,67.16,16272.0
56039,46.18,11359.0
56041,77.01,8081.0
56043,78.91,4114.0
56045,82.52,3392.0
72001,NA,NA
72003,NA,NA
72005,NA,NA
72007,NA,NA
72009,NA,NA
72011,NA,NA
72013,NA,NA
72015,NA,NA
72017,NA,NA
72019,NA,NA
72021,NA,NA
72023,NA,NA
72025,NA,NA
72027,NA,NA
72029,NA,NA
72031,NA,NA
72033,NA,NA
72035,NA,NA
72037,NA,NA
72039,NA,NA
72041,NA,NA
72043,NA,NA
72045,NA,NA
72047,NA,NA
72049,NA,NA
72051,NA,NA
72053,NA,NA
72054,NA,NA
72055,NA,NA
72057,NA,NA
72059,NA,NA
72061,NA,NA
72063,NA,NA
72065,NA,NA
72067,NA,NA
72069,NA,NA
72071,NA,NA
72073,NA,NA
72075,NA,NA
72077,NA,NA
72079,NA,NA
72081,NA,NA
72083,NA,NA
72085,NA,NA
72087,NA,NA
72089,NA,NA
72091,NA,NA
72093,NA,NA
72095,NA,NA
72097,NA,NA
72099,NA,NA
72101,NA,NA
72103,NA,NA
72105,NA,NA
72107,NA,NA
72109,NA,NA
72111,NA,NA
72113,NA,NA
72115,NA,NA
72117,NA,NA
72119,NA,NA
72121,NA,NA
72123,NA,NA
72125,NA,NA
72127,NA,NA
72129,NA,NA
72131,NA,NA
72133,NA,NA
72135,NA,NA
72137,NA,NA
72139,NA,NA
72141,NA,NA
72143,NA,NA
72145,NA,NA
72147,NA,NA
72149,NA,NA
72151,NA,NA
72153,NA,NA
